{
  "modelo_A": {
    "accuracy": 0.58421646404286,
    "f1": 0.49104980239860546,
    "c_optimo": 1.0
  },
  "modelo_B": {
    "accuracy": 0.7359373246024322,
    "f1": 0.6100623304814874,
    "c_optimo": 1.0
  },
  "mcnemar": {
    "b": 1603,
    "c": 455,
    "statistic": 639.2657920310982,
    "p_value": 4.826359039412534e-141
  }
}