{
  "n_obs": 3157,
  "n_features": 40,
  "y_mean": 11.292366170414951,
  "y_std": 2.750710221572255,
  "ridge": {
    "alpha": 7.742636826811269,
    "bootstrap": {
      "rmse_mean": 1.3603797130816075,
      "rmse_ci_lo": 1.306786137988021,
      "rmse_ci_hi": 1.420982509721708,
      "mae_mean": 0.9567420569435385,
      "mae_ci_lo": 0.9240389699210736,
      "mae_ci_hi": 0.9911842858910389,
      "r2_mean": 0.7552569032476943,
      "r2_ci_lo": 0.7375923329107476,
      "r2_ci_hi": 0.7718649082208298
    },
    "f_test": {
      "F": 240.0518754192924,
      "p_value": 1.1102230246251565e-16,
      "df1": 40,
      "df2": 3116,
      "decision": "Rechazar H0 (p < 0.05): El modelo explica varianza significativa."
    },
    "importances": {
      "s1_reg": 0.001808948802987741,
      "s1_esf": 0.07119826544080979,
      "s1_nat": 0.05631659468453564,
      "s1_real": 0.31222547378317056,
      "s2_reg": 0.09020701744001354,
      "s2_esf": 0.21218267883035666,
      "s2_nat": 0.10830603196078185,
      "s2_real": 0.320605609628768,
      "s3_reg": 0.233283511238574,
      "s3_esf": 0.03260914739072744,
      "s3_nat": 0.09013756476355,
      "s3_real": 0.1367060318300285,
      "s4_reg": 0.31374680835772256,
      "s4_esf": 0.07325281133092866,
      "s4_nat": 0.08787825412187827,
      "s4_real": 0.07337459817368111,
      "s5_reg": 0.46449733149644434,
      "s5_esf": 0.32898156417685587,
      "s5_nat": 0.27450231197544583,
      "s5_real": 0.5141741728038834,
      "s6_reg": 0.052895853039580804,
      "s6_esf": 0.174413617143739,
      "s6_nat": 0.33876098764977053,
      "s6_real": 0.18484705865891493,
      "s7_reg": 0.8183856706402514,
      "s7_esf": 0.28892033844182263,
      "s7_nat": 0.15910126376836586,
      "s7_real": 0.3096326355675348,
      "s8_reg": 2.444611876334639,
      "s8_esf": 0.04911303319197859,
      "s8_nat": 0.029172884641341646,
      "s8_real": 0.7803872021797013,
      "s1_esf_x_real": 0.08108192376531718,
      "s2_esf_x_real": 0.08697631700380128,
      "s3_esf_x_real": 0.19647559497049766,
      "s4_esf_x_real": 0.014061025152862557,
      "s5_esf_x_real": 0.3767089677784406,
      "s6_esf_x_real": 0.010518860265045504,
      "s7_esf_x_real": 0.058547307091022065,
      "s8_esf_x_real": 0.27539838150250184
    },
    "n_active": 40,
    "coef_table": [
      {
        "Variable": "s1_reg",
        "Coef": -0.0018,
        "SE": 0.085,
        "t": -0.021,
        "p_value": 0.983,
        "Significativo": "✗"
      },
      {
        "Variable": "s1_esf",
        "Coef": 0.0712,
        "SE": 0.1143,
        "t": 0.623,
        "p_value": 0.5334,
        "Significativo": "✗"
      },
      {
        "Variable": "s1_nat",
        "Coef": 0.0563,
        "SE": 0.0508,
        "t": 1.109,
        "p_value": 0.2673,
        "Significativo": "✗"
      },
      {
        "Variable": "s1_real",
        "Coef": 0.3122,
        "SE": 0.1745,
        "t": 1.79,
        "p_value": 0.0736,
        "Significativo": "✗"
      },
      {
        "Variable": "s2_reg",
        "Coef": -0.0902,
        "SE": 0.1252,
        "t": -0.72,
        "p_value": 0.4714,
        "Significativo": "✗"
      },
      {
        "Variable": "s2_esf",
        "Coef": 0.2122,
        "SE": 0.1148,
        "t": 1.849,
        "p_value": 0.0646,
        "Significativo": "✗"
      },
      {
        "Variable": "s2_nat",
        "Coef": -0.1083,
        "SE": 0.08,
        "t": -1.353,
        "p_value": 0.1761,
        "Significativo": "✗"
      },
      {
        "Variable": "s2_real",
        "Coef": -0.3206,
        "SE": 0.251,
        "t": -1.277,
        "p_value": 0.2016,
        "Significativo": "✗"
      },
      {
        "Variable": "s3_reg",
        "Coef": 0.2333,
        "SE": 0.1806,
        "t": 1.292,
        "p_value": 0.1964,
        "Significativo": "✗"
      },
      {
        "Variable": "s3_esf",
        "Coef": 0.0326,
        "SE": 0.1222,
        "t": 0.267,
        "p_value": 0.7896,
        "Significativo": "✗"
      },
      {
        "Variable": "s3_nat",
        "Coef": 0.0901,
        "SE": 0.1077,
        "t": 0.837,
        "p_value": 0.4029,
        "Significativo": "✗"
      },
      {
        "Variable": "s3_real",
        "Coef": 0.1367,
        "SE": 0.3551,
        "t": 0.385,
        "p_value": 0.7002,
        "Significativo": "✗"
      },
      {
        "Variable": "s4_reg",
        "Coef": 0.3137,
        "SE": 0.2202,
        "t": 1.425,
        "p_value": 0.1543,
        "Significativo": "✗"
      },
      {
        "Variable": "s4_esf",
        "Coef": 0.0733,
        "SE": 0.1277,
        "t": 0.574,
        "p_value": 0.5661,
        "Significativo": "✗"
      },
      {
        "Variable": "s4_nat",
        "Coef": 0.0879,
        "SE": 0.1286,
        "t": 0.683,
        "p_value": 0.4944,
        "Significativo": "✗"
      },
      {
        "Variable": "s4_real",
        "Coef": -0.0734,
        "SE": 0.4337,
        "t": -0.169,
        "p_value": 0.8657,
        "Significativo": "✗"
      },
      {
        "Variable": "s5_reg",
        "Coef": 0.4645,
        "SE": 0.2575,
        "t": 1.804,
        "p_value": 0.0713,
        "Significativo": "✗"
      },
      {
        "Variable": "s5_esf",
        "Coef": 0.329,
        "SE": 0.1303,
        "t": 2.525,
        "p_value": 0.0116,
        "Significativo": "✓"
      },
      {
        "Variable": "s5_nat",
        "Coef": -0.2745,
        "SE": 0.1435,
        "t": -1.914,
        "p_value": 0.0558,
        "Significativo": "✗"
      },
      {
        "Variable": "s5_real",
        "Coef": 0.5142,
        "SE": 0.5222,
        "t": 0.985,
        "p_value": 0.3248,
        "Significativo": "✗"
      },
      {
        "Variable": "s6_reg",
        "Coef": -0.0529,
        "SE": 0.285,
        "t": -0.186,
        "p_value": 0.8528,
        "Significativo": "✗"
      },
      {
        "Variable": "s6_esf",
        "Coef": 0.1744,
        "SE": 0.1351,
        "t": 1.291,
        "p_value": 0.1969,
        "Significativo": "✗"
      },
      {
        "Variable": "s6_nat",
        "Coef": 0.3388,
        "SE": 0.1582,
        "t": 2.141,
        "p_value": 0.0324,
        "Significativo": "✓"
      },
      {
        "Variable": "s6_real",
        "Coef": 0.1848,
        "SE": 0.5654,
        "t": 0.327,
        "p_value": 0.7437,
        "Significativo": "✗"
      },
      {
        "Variable": "s7_reg",
        "Coef": -0.8184,
        "SE": 0.276,
        "t": -2.965,
        "p_value": 0.0031,
        "Significativo": "✓"
      },
      {
        "Variable": "s7_esf",
        "Coef": 0.2889,
        "SE": 0.1304,
        "t": 2.216,
        "p_value": 0.0267,
        "Significativo": "✓"
      },
      {
        "Variable": "s7_nat",
        "Coef": -0.1591,
        "SE": 0.173,
        "t": -0.92,
        "p_value": 0.3577,
        "Significativo": "✗"
      },
      {
        "Variable": "s7_real",
        "Coef": 0.3096,
        "SE": 0.6263,
        "t": 0.494,
        "p_value": 0.6211,
        "Significativo": "✗"
      },
      {
        "Variable": "s8_reg",
        "Coef": -2.4446,
        "SE": 0.1792,
        "t": -13.642,
        "p_value": 0.0,
        "Significativo": "✓"
      },
      {
        "Variable": "s8_esf",
        "Coef": 0.0491,
        "SE": 0.1345,
        "t": 0.365,
        "p_value": 0.7151,
        "Significativo": "✗"
      },
      {
        "Variable": "s8_nat",
        "Coef": -0.0292,
        "SE": 0.1319,
        "t": -0.221,
        "p_value": 0.8249,
        "Significativo": "✗"
      },
      {
        "Variable": "s8_real",
        "Coef": -0.7804,
        "SE": 0.4723,
        "t": -1.652,
        "p_value": 0.0985,
        "Significativo": "✗"
      },
      {
        "Variable": "s1_esf_x_real",
        "Coef": -0.0811,
        "SE": 0.1557,
        "t": -0.521,
        "p_value": 0.6027,
        "Significativo": "✗"
      },
      {
        "Variable": "s2_esf_x_real",